model_name,k,pca_dims,authors_count,noise_count,silhouette_avg,calinski_harabasz_avg,davies_bouldin_avg,norm_silhouette,norm_calinski,norm_davies,combined_score
kmeans,8,5,29,0,0.7411418543317,58.63482171191062,0.3059632544587938,0.995703,0.223612,0.944953,0.913419
agglomerative,9,5,29,0,0.7363967223905052,74.10150188592338,0.3446192225191631,0.986383,0.285672,0.932736,0.910947
gmm,8,5,29,0,0.7383205712515841,57.91758395379402,0.30890310267395393,0.990161,0.220734,0.944024,0.908605
spectral,11,10,29,0,0.7433296656783641,34.911671770469425,0.4024946205578211,1.0,0.128421,0.914445,0.904287
hierarchical,11,10,29,0,0.7432989048237083,34.94394881153402,0.40264303204408075,0.99994,0.128551,0.914398,0.904247
kmeans,9,5,29,0,0.7317882954313625,67.99296351316896,0.26538001643751824,0.977331,0.261162,0.957779,0.903759
dbscan,8,5,29,1,0.7317873309181488,67.61768876516436,0.26782332182146906,0.977329,0.259656,0.957007,0.903529
agglomerative,11,10,29,0,0.7421662123063039,34.652749053425815,0.4016853475265607,0.997715,0.127383,0.914701,0.90238
hierarchical,9,5,29,0,0.7298116935252692,71.49985896787899,0.35327236626046293,0.973449,0.275233,0.930002,0.899282
gmm,9,5,29,0,0.7282689703190267,66.3032735357378,0.2703283101024586,0.970418,0.254382,0.956215,0.897394
gmm,11,10,29,0,0.7361907686658249,33.70306791901117,0.37605014210295545,0.985978,0.123572,0.922803,0.89342
kmeans,11,10,29,0,0.7328500201430754,32.94693871353769,0.3807452946647763,0.979416,0.120538,0.921319,0.887719
agglomerative,10,5,29,0,0.7111178005057065,83.62192386506169,0.4097085142193042,0.936731,0.323873,0.912165,0.872988
hierarchical,10,5,29,0,0.7111073101967358,82.72225482857286,0.40629101628995956,0.93671,0.320263,0.913246,0.872719
gmm,10,5,29,0,0.7008215487843428,102.86764140204792,0.3678147267770794,0.916507,0.401098,0.925406,0.865856
kmeans,10,5,29,0,0.7008355242356941,72.91720737033631,0.3280810618999007,0.916535,0.28092,0.937963,0.855116
spectral,8,5,29,0,0.7040302167872537,56.13635078310899,0.35014442644487703,0.92281,0.213586,0.93099,0.852705
hierarchical,12,10,29,0,0.6982638676158495,39.74673288514742,0.2993197700504605,0.911484,0.147822,0.947053,0.838674
agglomerative,12,10,29,0,0.6949767957379455,39.110500893473215,0.2995028444758153,0.905027,0.145269,0.946995,0.833248
gmm,10,2,29,0,0.6631003692662125,162.97730251567597,0.3904207546861837,0.842417,0.64229,0.918261,0.829989
hierarchical,13,10,29,0,0.6893745288672537,48.021430290641575,0.30615985863978756,0.894023,0.181025,0.944891,0.82781
gmm,8,2,29,0,0.6742908705174032,115.99411574406304,0.4228601117817266,0.864397,0.453768,0.908009,0.827695
kmeans,8,2,29,0,0.6734250524412642,115.53645195486584,0.42353911405685885,0.862696,0.451932,0.907794,0.82613
agglomerative,13,10,29,0,0.6883147055812534,47.518081238692304,0.3040921308651364,0.891942,0.179005,0.945545,0.826008
kmeans,7,5,29,0,0.6859290765983219,48.3712392675596,0.38769904518906484,0.887256,0.182429,0.919121,0.81996
gmm,7,2,29,0,0.675285503760547,75.16041816866267,0.38579292787603153,0.86635,0.289921,0.919724,0.814045
gmm,7,5,29,0,0.6823304547311652,47.50473210630338,0.3938504965022555,0.880188,0.178952,0.917177,0.813763
gmm,12,10,29,0,0.6853621104249976,35.91434748903601,0.4057613472729021,0.886142,0.132445,0.913413,0.8135
kmeans,12,10,29,0,0.6851987666025136,35.364834710383086,0.4064110178484069,0.885822,0.13024,0.913208,0.813002
kmeans,7,2,29,0,0.6744638835221307,75.01957123839142,0.3866411957491221,0.864737,0.289356,0.919456,0.81267
agglomerative,8,5,29,0,0.679760652577008,51.99095010426897,0.40673017786438515,0.87514,0.196953,0.913107,0.811118
agglomerative,7,5,29,0,0.676737093105189,41.71385563208707,0.4048949198828712,0.869202,0.155716,0.913687,0.802301
spectral,10,10,29,0,0.6858384602318836,18.52127160080685,0.6105269842080319,0.887078,0.062654,0.848698,0.800798
hierarchical,7,2,29,0,0.6629547986785183,91.0547240573005,0.44551518602037665,0.842131,0.353698,0.900849,0.799159
hierarchical,8,5,29,0,0.6721769711421545,50.264184497595245,0.4162192545463478,0.860245,0.190024,0.910108,0.798209
spectral,7,5,29,0,0.6721408760506504,40.988950338909014,0.4135572901792416,0.860174,0.152807,0.910949,0.794515
gmm,13,10,29,0,0.6665658544971789,48.871000407348326,0.33265536457398404,0.849224,0.184434,0.936517,0.791474
agglomerative,7,2,29,0,0.6606445390269948,70.84706379943776,0.39144254797825484,0.837593,0.272614,0.917938,0.78913
kmeans,13,10,29,0,0.665089120753059,47.914345739780735,0.3316469800183307,0.846323,0.180595,0.936836,0.788802
spectral,12,10,29,0,0.6719235888493567,31.887106559240237,0.5107693336566075,0.859747,0.116285,0.880226,0.787449
gmm,13,2,29,0,0.6264464444002853,180.81443023573922,0.2870752915401954,0.770423,0.713862,0.950923,0.782817
kmeans,13,2,29,0,0.6258848630140814,179.64349835684402,0.28721703070218346,0.76932,0.709164,0.950878,0.78146
agglomerative,15,2,29,0,0.6008820634133144,251.76483243885048,0.13194201014430235,0.72021,0.998554,0.999951,0.776019
hierarchical,15,2,29,0,0.6008793264380259,251.592722315075,0.1317879299057165,0.720205,0.997863,1.0,0.77595
kmeans,15,2,29,0,0.6001579683605255,248.18188684034195,0.13254741327322989,0.718788,0.984177,0.99976,0.773424
agglomerative,14,10,29,0,0.6474531361346503,53.180818770273696,0.3540948431494345,0.811683,0.201727,0.929742,0.762493
hierarchical,14,10,29,0,0.6473023734846797,53.84426766887036,0.35716278721481354,0.811387,0.204389,0.928772,0.762426
agglomerative,14,2,29,0,0.5981091630227849,212.40524923878982,0.2142768311922742,0.714764,0.840622,0.97393,0.753266
gmm,14,2,29,0,0.597859864701434,211.91462131573115,0.21450766929931,0.714274,0.838653,0.973857,0.75267
hierarchical,14,2,29,0,0.5976615829189621,211.0717920152937,0.2146803557567516,0.713885,0.835271,0.973803,0.752015
kmeans,14,2,29,0,0.5972088969284722,210.03856354042122,0.21497571527623546,0.712995,0.831126,0.973709,0.75088
gmm,6,2,29,0,0.6305031673236816,78.24694430027056,0.45403318737108306,0.778391,0.302306,0.898157,0.742759
kmeans,6,2,29,0,0.6301476617994317,78.17308134810825,0.4542252760543642,0.777692,0.30201,0.898096,0.742165
agglomerative,6,2,29,0,0.6285388752731241,79.57503076745958,0.4483292101567624,0.774533,0.307635,0.89996,0.740386
hierarchical,6,2,29,0,0.6277801532110855,79.48725040914617,0.4491946234316323,0.773042,0.307283,0.899686,0.739131
hierarchical,15,10,29,0,0.62569771633767,59.94323736229454,0.32181345069027617,0.768952,0.228862,0.939944,0.732042
agglomerative,15,10,29,0,0.6259266971411731,58.78735438358455,0.31893438896761545,0.769402,0.224224,0.940854,0.732029
spectral,13,10,29,0,0.6295253858715593,42.79356063977634,0.304642771654407,0.77647,0.160048,0.945371,0.731718
gmm,14,10,29,0,0.6245405095522114,54.836541179846535,0.38002236035077447,0.766679,0.208371,0.921548,0.726335
kmeans,14,10,29,0,0.6238250570284785,53.67189076904852,0.37845074501551595,0.765274,0.203698,0.922044,0.724793
gmm,15,2,29,0,0.5715868615338988,252.12522388469498,0.3835713878658254,0.66267,1.0,0.920426,0.722178
spectral,14,10,29,0,0.609317304709968,44.25858003376547,0.34314597690065657,0.736778,0.165926,0.933202,0.699335
kmeans,15,10,29,0,0.6016220600504871,59.714455481489274,0.34066635487778796,0.721664,0.227944,0.933986,0.693524
spectral,9,5,29,0,0.6049382675689297,50.084422763706314,0.5463096701879298,0.728177,0.189303,0.868994,0.688371
spectral,6,5,29,0,0.610401189310005,20.965420280339494,0.5180191537029674,0.738907,0.072462,0.877935,0.686165
spectral,5,2,29,0,0.5954809185291757,60.83132484261875,0.4703002692043068,0.709601,0.232425,0.893016,0.680225
gmm,5,2,29,0,0.5866077092117751,63.99968897421941,0.5920992859558931,0.692173,0.245138,0.854522,0.663704
kmeans,5,2,29,0,0.5863434941858874,64.00725557336725,0.5918158684448215,0.691654,0.245169,0.854612,0.663301
hierarchical,3,2,29,0,0.5872753239920427,44.77275393961308,0.5926388632955062,0.693484,0.167989,0.854352,0.657022
agglomerative,3,2,29,0,0.5872845795192284,44.741392196938925,0.5927914238108908,0.693503,0.167864,0.854304,0.657019
gmm,3,2,29,0,0.5872768229819532,44.76113050128019,0.5926627451377088,0.693487,0.167943,0.854344,0.657019
spectral,3,2,29,0,0.5871794439167741,44.75324459025079,0.5927581079342331,0.693296,0.167911,0.854314,0.656859
kmeans,3,2,29,0,0.5870823301775328,44.75145082220681,0.5926246132246721,0.693105,0.167904,0.854356,0.65671
spectral,8,10,29,0,0.5915117647402186,9.776133422973034,0.7395194987864625,0.701805,0.027564,0.807931,0.644994
agglomerative,5,2,29,0,0.5742600062054484,64.67273366310428,0.5807119051399854,0.66792,0.247839,0.858121,0.644932
hierarchical,5,2,29,0,0.5738208947236307,64.6983157120514,0.5808481887190334,0.667058,0.247942,0.858078,0.644248
spectral,15,10,29,0,0.5684094863600799,50.59113262745161,0.3877223586950652,0.656429,0.191336,0.919114,0.636188
spectral,6,2,29,0,0.5656409460635584,46.016429066338006,0.5884987895621822,0.650991,0.17298,0.85566,0.623657
gmm,4,2,29,0,0.5596406158329338,46.671602890104275,0.5425548567566925,0.639205,0.175609,0.87018,0.615943
kmeans,4,2,29,0,0.5593564450122417,46.663486511474574,0.5427617785982262,0.638647,0.175576,0.870115,0.615487
agglomerative,4,2,29,0,0.5375039177451559,46.964623005715126,0.520541262777635,0.595725,0.176784,0.877138,0.581972
hierarchical,4,2,29,0,0.5370772118234263,46.979154582831576,0.5213128213859053,0.594887,0.176843,0.876894,0.581283
spectral,4,2,29,0,0.5179146080239684,43.144581207587365,0.6453867414569381,0.557249,0.161456,0.837681,0.545713
hdbscan,2,2,29,5,0.4590650226262084,23.613559213004113,0.7072757694495783,0.441659,0.083087,0.818122,0.443448
agglomerative,2,2,29,0,0.4612073052747467,24.52704838751713,0.843778383944574,0.445867,0.086753,0.774981,0.442867
spectral,2,2,29,0,0.461163906726903,24.529677769913427,0.8437565062321455,0.445781,0.086763,0.774988,0.4428
hierarchical,2,2,29,0,0.461143973726521,24.528851453423158,0.843788120127935,0.445742,0.08676,0.774978,0.442768
hdbscan,4,2,29,4,0.46672466693718384,19.8355625342393,1.457038789479864,0.456704,0.067928,0.581165,0.430272
hdbscan,3,2,29,5,0.479096065818836,18.710295713238178,2.0611264880337137,0.481003,0.063413,0.390248,0.430168
dbscan,6,10,29,0,0.4540686758416741,5.125364906142806,0.6602508552166185,0.431845,0.008903,0.832984,0.429665
dbscan,3,5,29,0,0.43963561975926646,6.277273174017104,0.512309636610339,0.403496,0.013525,0.879739,0.412123
dbscan,4,5,29,0,0.43272131501264754,7.747223132379001,0.7115261428371589,0.389916,0.019423,0.816778,0.395553
gmm,2,2,29,0,0.4150700366859488,14.562914489433412,0.7117547159720342,0.355246,0.046771,0.816706,0.370544
kmeans,2,2,29,0,0.4148881832667907,14.559847167590696,0.7118983414844152,0.354888,0.046759,0.816661,0.370253
dbscan,5,10,29,0,0.41169025513276786,4.605407927416137,0.6763604331961425,0.348607,0.006816,0.827892,0.362357
dbscan,2,5,29,0,0.3529358905744723,4.959732800111215,0.5499280459731759,0.233204,0.008238,0.86785,0.274172
dbscan,5,20,29,8,0.28679222577591923,2.9066553090996603,1.6699107000270121,0.103287,0.0,0.513889,0.134019
lovaina,4,2,29,0,0.23420612927342427,25.75669367134508,1.3949989801530362,0.0,0.091687,0.600772,0.069246
hdbscan,3,5,29,11,0.27551470158140995,3.5573080574718854,3.2959259211964627,0.081137,0.002611,0.0,0.06517
hdbscan,2,5,29,14,0.23929444227288488,4.430446277463966,3.025330501053741,0.009994,0.006114,0.085519,0.017159
