gb_id,label
346122,Clinical Neurology
278156,Gastroenterology & Hepatology
39805,Cell Biology
39602,Rheumatology
326575,Rheumatology
361221,Endocrinology & Metabolism
973086,Immunology;Microbiology;Infectious Diseases
326632,Rheumatology
326577,Rheumatology
326576,"Medicine, General & Internal"
348450,Rheumatology
278235,"Medicine, General & Internal"
267458,"Medicine, General & Internal"
267463,Gastroenterology & Hepatology
267469,Clinical Neurology
341117,"Medicine, General & Internal"
966524,Multidisciplinary Sciences
39628,Rheumatology
39657,Rheumatology
457586,"Medicine, General & Internal"
854723,Clinical Neurology;Neurosciences
812901,Oncology
157206,Rheumatology
815565,Multidisciplinary Sciences
815841,Multidisciplinary Sciences
213493,Rheumatology
198831,Hematology
157224,Rheumatology
98998,Rheumatology
386102,Rheumatology
995674,Rheumatology
435316,"Medicine, General & Internal"
417108,Gastroenterology & Hepatology
39374,Biochemistry & Molecular Biology;Parasitology
157118,Rheumatology
549377,Rheumatology
39306,Rheumatology
157078,Rheumatology
39596,Rheumatology
39520,Rheumatology
39304,Rheumatology
157076,Rheumatology
39305,Rheumatology
545955,Rheumatology
39737,Rheumatology
98840,Rheumatology
39419,Rheumatology
634804,Rheumatology
460921,Parasitología animal
461013,Parasitología animal
454959,Parasitología animal
455160,Parasitología animal
454806,Parasitología
460955,Parasitología animal
157098,Neurosciences
425522,Biochemistry & Molecular Biology;Parasitology
444025,Virology
156283,"Biochemistry & Molecular Biology;Chemistry, Medicinal"
428029,Parasitology
428012,Genetics & Heredity
353083,Pharmacology & Pharmacy
858203,Pharmacology & Pharmacy
250188,Genetics & Heredity
127675,Genetics & Heredity
1001157,Cell Biology
92066,Cell Biology
510162,Immunology
326590,Rheumatology
98984,"Chemistry, Medicinal;Pharmacology & Pharmacy"
470690,Microbiology;Parasitology;Virology
39523,Rheumatology
218310,Immunology;Genetics & Heredity
221122,Genetics & Heredity;Biotechnology & Applied Microbiology
231366,Immunology
250193,Parasitology
353105,Cell Biology
953561,Rheumatology
369660,Parasitology
98862,Genetics & Heredity
417987,Cell Biology;Immunology;Pathology
361222,Cell Biology
127667,Rheumatology
134522,"Chemistry, Medicinal;Pharmacology & Pharmacy"
39402,Immunology
98848,Cell Biology
157090,Biochemistry & Molecular Biology;Biochemical Research Methods
381737,Immunology
916139,Rheumatology
500264,Immunology
439350,Enfermedades infecciosas
348453,Pharmacology & Pharmacy
542370,Parasitology
406201,Patología
463109,Farmacología
311060,Patología
437810,Enfermedades infecciosas
950846,Rheumatology
386108,Cell Biology;Biochemistry & Molecular Biology
386097,Pharmacology & Pharmacy
299798,Pharmacology & Pharmacy
426129,Parasitology
341053,Pharmacology & Pharmacy
346149,Pharmacology & Pharmacy
787230,Immunology;Microbiology
494818,Rheumatology
326601,Neurosciences;Pharmacology & Pharmacy
346097,Rheumatology
267471,Microbiology;Biochemistry & Molecular Biology
278244,Immunology
267483,Pharmacology & Pharmacy
346112,Pharmacology & Pharmacy
39282,Pharmacology & Pharmacy
157225,Pharmacology & Pharmacy
259842,Infectious Diseases
39652,Neurosciences
492468,Rheumatology
39625,Microbiology;Infectious Diseases;Pharmacology & Pharmacy
39643,Neurosciences;Pharmacology & Pharmacy
226649,Oncology
39665,Rheumatology
39535,Microbiology;Infectious Diseases;Pharmacology & Pharmacy
39675,Immunology
39570,Virology
39553,Biochemistry & Molecular Biology
39591,"Medicine, General & Internal"
230308,"Biochemistry & Molecular Biology;Chemistry, Multidisciplinary"
278143,"Biochemistry & Molecular Biology;Chemistry, Multidisciplinary"
233028,Oncology
293501,Genetics & Heredity
226650,Parasitology
292498,Genetics & Heredity
238218,Neurosciences
213170,Multidisciplinary Sciences
216125,Oncology
213863,"Medicine, General & Internal"
206867,"Chemistry, Medicinal;Pharmacology & Pharmacy"
213086,Cell Biology
214976,Immunology
218317,"Biochemistry & Molecular Biology;Chemistry, Medicinal;Pharmacology & Pharmacy"
221118,Genetics & Heredity;Biotechnology & Applied Microbiology
213494,"Chemistry, Organic"
223828,"Biochemistry & Molecular Biology;Chemistry, Medicinal;Pharmacology & Pharmacy"
267493,Pharmacology & Pharmacy
299281,Rheumatology
267470,"Biochemistry & Molecular Biology;Chemistry, Medicinal;Pharmacology & Pharmacy"
267979,Virology
326583,Rheumatology
337071,Oncology
421159,"Chemistry, Medicinal;Pharmacology & Pharmacy"
337087,Virology
319239,"Biochemistry & Molecular Biology;Chemistry, Multidisciplinary"
398520,Plant Sciences
344832,Genetics & Heredity
801807,"Biochemistry & Molecular Biology;Chemistry, Multidisciplinary"
319238,Biochemistry & Molecular Biology;Genetics & Heredity
39490,Genetics & Heredity
393076,Biochemistry & Molecular Biology
39501,Genetics & Heredity
966522,Parasitology
442385,Biochemistry & Molecular Biology
417104,Multidisciplinary Sciences
39267,Biochemistry & Molecular Biology
39287,Parasitology;Tropical Medicine
39227,Parasitology
493371,Pharmacology & Pharmacy
39271,Parasitology
498557,Genetics & Heredity
157119,"Biochemistry & Molecular Biology;Chemistry, Medicinal;Pharmacology & Pharmacy"
39396,Cell Biology
786752,"Biochemistry & Molecular Biology;Chemistry, Multidisciplinary"
98880,Rheumatology
487350,Oncology
490957,Pharmacology & Pharmacy
39270,"Biochemistry & Molecular Biology;Chemistry, Multidisciplinary"
39264,Pharmacology & Pharmacy
39272,Cell Biology
39262,"Biochemistry & Molecular Biology;Chemistry, Multidisciplinary"
488917,"Immunology;Medicine, Research & Experimental"
353078,Microbiology
39221,Parasitology;Tropical Medicine
168768,Immunology
127673,Microbiology
152599,Microbiology
155481,Infectious Diseases;Parasitology;Tropical Medicine
155468,Parasitology
39760,Immunology
37664,"Chemistry, Medicinal;Pharmacology & Pharmacy"
39707,Rheumatology
559710,Pharmacology & Pharmacy
127679,Biochemistry & Molecular Biology
155487,Microbiology
157214,Biochemistry & Molecular Biology
157226,Biochemistry & Molecular Biology
98845,Pathology
114783,Immunology
39795,Immunology
39427,Cell Biology;Immunology
934301,Immunology
319237,Pharmacology & Pharmacy
39412,Clinical Neurology
939206,Biochemistry & Molecular Biology;Biophysics
530760,Immunology;Genetics & Heredity
568146,Immunology;Genetics & Heredity
568208,Immunology;Genetics & Heredity
218311,Immunology;Genetics & Heredity
218313,Immunology;Genetics & Heredity
456471,Neurosciences;Biochemistry & Molecular Biology
551986,Immunology;Neurosciences
645914,Genetics & Heredity
558376,Immunology
1010917,Rheumatology
987982,Rheumatology
39556,Rheumatology
753859,Rheumatology
39586,Rheumatology
933453,Immunology
668550,Rheumatology
900589,Rheumatology
39689,Rheumatology
39613,Rheumatology
39620,Rheumatology
39623,Rheumatology
39686,Rheumatology
175178,Rheumatology
155462,Rheumatology
177042,Rheumatology
39706,Rheumatology
39728,Rheumatology
682526,Rheumatology
39704,Rheumatology
39777,Rheumatology
39712,Rheumatology
39342,Rheumatology
39313,Rheumatology
39351,Rheumatology
39550,Rheumatology
39584,Rheumatology
39548,Rheumatology
39624,Rheumatology
39619,Rheumatology
39606,Rheumatology
177029,Rheumatology
175110,Rheumatology
177028,Rheumatology
949536,Immunology
98983,Biochemistry & Molecular Biology
486179,Biochemistry & Molecular Biology;Genetics & Heredity
954150,Rheumatology
386121,Immunology;Genetics & Heredity
386122,Cell Biology;Immunology;Pathology
426131,Immunology
933452,Rheumatology
326609,Cell Biology;Immunology;Pathology
326550,Gastroenterology & Hepatology
326587,Cell Biology;Immunology;Pathology
326581,Multidisciplinary Sciences;Neurosciences;Biochemistry & Molecular Biology
326580,Rheumatology
326553,Multidisciplinary Sciences
326624,Multidisciplinary Sciences;Neurosciences;Biochemistry & Molecular Biology
341106,Multidisciplinary Sciences;Neurosciences;Biochemistry & Molecular Biology
346120,Immunology;Genetics & Heredity
346090,Immunology
346119,Rheumatology
346146,Cell Biology;Immunology;Pathology
346107,Immunology
353135,Cell Biology;Oncology;Biochemistry & Molecular Biology;Genetics & Heredity
346141,Rheumatology
861966,Rheumatology
346091,Immunology
353099,Cell Biology;Immunology;Pathology
346125,Gastroenterology & Hepatology
346098,Immunology
346128,Multidisciplinary Sciences
346094,Immunology
346132,Cell Biology;Immunology;Pathology
326611,Rheumatology
650373,Rheumatology
98948,Rheumatology
98967,Rheumatology
157101,Immunology
98930,Rheumatology
267444,Pathology
157116,"Genetics & Heredity;Biotechnology & Applied Microbiology;Medicine, Research & Experimental"
98938,Cell Biology
340943,Pharmacology & Pharmacy
326608,Pathology
326555,Oncology
326559,Pathology
39725,Multidisciplinary Sciences
39736,Rheumatology
39655,Parasitology;Tropical Medicine
39646,Pharmacology & Pharmacy
39662,Biochemistry & Molecular Biology
234007,Cell Biology
39568,Virology
417093,Immunology
822651,"Biochemistry & Molecular Biology;Chemistry, Multidisciplinary"
827020,Rheumatology
221119,Cell Biology
98981,Hematology
353129,Oncology
326588,Gastroenterology & Hepatology
346095,Cell Biology;Biochemistry & Molecular Biology
346104,Cell Biology;Immunology;Pathology
326633,Rheumatology
98961,Cell Biology;Immunology;Pathology
98980,Rheumatology
267478,Cell Biology;Immunology;Pathology
267494,Rheumatology
267508,Cell Biology;Immunology;Pathology
326563,Rheumatology
326617,Cell Biology;Immunology;Pathology
326615,Multidisciplinary Sciences;Neurosciences;Biochemistry & Molecular Biology
973077,Rheumatology
326570,Microbiology;Pharmacology & Pharmacy
267504,Rheumatology
267480,Rheumatology
778955,Parasitology;Tropical Medicine
417100,Immunology
386123,Immunology
400083,Immunology
39506,Biochemistry & Molecular Biology
407287,Biochemistry & Molecular Biology
407303,Rheumatology
412800,Cell Biology;Immunology;Pathology
98865,Biochemistry & Molecular Biology
407319,Biochemistry & Molecular Biology
407297,Cell Biology;Immunology;Pathology
407295,Cell Biology;Immunology;Pathology
417099,Microbiology
419204,Biochemistry & Molecular Biology
418228,Biochemistry & Molecular Biology
418883,Cell Biology;Immunology;Pathology
417457,Immunology
418034,Biochemistry & Molecular Biology
417689,Cell Biology;Immunology;Pathology
418477,Cell Biology;Immunology;Pathology
417095,Cell Biology;Immunology;Pathology
417091,Immunology
425523,"Immunology;Medicine, Research & Experimental"
548787,Rheumatology
478539,Immunology
39224,Biochemistry & Molecular Biology
814801,"Chemistry, Medicinal;Pharmacology & Pharmacy"
98916,Rheumatology
98897,Cell Biology;Immunology;Pathology
98902,Gastroenterology & Hepatology
157073,Cell Biology
166947,Multidisciplinary Sciences
155483,Neurosciences
157213,Cell Biology;Biochemistry & Molecular Biology
127678,Multidisciplinary Sciences
114795,Pharmacology & Pharmacy
98835,Rheumatology
39730,Rheumatology
39753,Biochemistry & Molecular Biology;Biochemical Research Methods
168747,"Chemistry, Medicinal"
189108,"Biochemistry & Molecular Biology;Chemistry, Multidisciplinary"
134523,Rheumatology
192486,Biochemistry & Molecular Biology;Genetics & Heredity
39811,Biochemical Research Methods
39801,Biochemistry & Molecular Biology
17323,Biochemical Research Methods
39413,Cell Biology;Biochemistry & Molecular Biology
39514,Biochemistry & Molecular Biology
987978,Obstetrics & Gynecology;Reproductive Biology
987980,Obstetrics & Gynecology;Reproductive Biology
995047,Rheumatology
421168,Clinical Neurology;Neurosciences
374585,Neurosciences
374655,Neurosciences
524898,Rheumatology
987979,Obstetrics & Gynecology;Reproductive Biology
576702,Clinical Neurology;Neurosciences
494815,Obstetrics & Gynecology;Reproductive Biology
500846,Clinical Neurology;Neurosciences
374880,Gastroenterology & Hepatology
426128,Rheumatology
381266,Rheumatology
623298,"Medicine, General & Internal"
998657,Rheumatology
998655,Rheumatology
998656,Rheumatology
868572,Obstetrics & Gynecology;Reproductive Biology
900689,Rheumatology
39555,Rheumatology
39545,Rheumatology
39476,Rheumatology
495928,Rheumatology
495929,Rheumatology
495927,Rheumatology
584475,Obstetrics & Gynecology;Reproductive Biology
39481,Biochemistry & Molecular Biology
39409,Immunology
39478,Biochemistry & Molecular Biology
39485,Immunology
39482,Biochemistry & Molecular Biology
39483,Immunology
754698,Rheumatology
98867,Rheumatology
38192,Biochemistry & Molecular Biology
39408,Immunology
39477,Biochemistry & Molecular Biology
39480,Biochemistry & Molecular Biology
98866,Rheumatology
756075,Rheumatology
98868,Rheumatology
296974,Rheumatology
39464,Rheumatology
39410,Clinical Neurology;Neurosciences
37499,Immunology;Neurosciences
754309,Biochemistry & Molecular Biology
39486,Clinical Neurology;Neurosciences
39479,Biochemistry & Molecular Biology
39484,Immunology
141262,Infectious Diseases
157104,Infectious Diseases
141192,Infectious Diseases
346114,Endocrinology & Metabolism;Physiology
346109,Endocrinology & Metabolism;Physiology
382397,Immunology;Genetics & Heredity
346117,Endocrinology & Metabolism;Physiology
346148,Endocrinology & Metabolism;Physiology
346129,Endocrinology & Metabolism;Physiology
346113,Rheumatology
346144,Endocrinology & Metabolism;Physiology
346110,Endocrinology & Metabolism;Physiology
267461,Biochemistry & Molecular Biology
267477,Cell Biology;Immunology;Pathology
267499,Cell Biology;Immunology
267473,Cell Biology;Immunology;Pathology
267485,Cell Biology;Immunology
267474,Cell Biology;Immunology;Pathology
299751,"Genetics & Heredity;Biotechnology & Applied Microbiology;Medicine, Research & Experimental"
267447,Oncology
267475,Cell Biology;Immunology;Pathology
267438,Rheumatology
346142,Biochemistry & Molecular Biology
341112,Endocrinology & Metabolism;Physiology
341007,Cell Biology;Immunology;Pathology
340957,Biochemistry & Molecular Biology
340922,Cell Biology;Immunology;Pathology
341062,Clinical Neurology;Neurosciences
361265,Endocrinology & Metabolism;Physiology
361249,Immunology;Neurosciences
361257,Parasitology;Tropical Medicine
361246,Immunology;Genetics & Heredity
361256,Immunology;Genetics & Heredity
361250,Cell Biology;Immunology;Pathology
361248,Dermatology
361241,Parasitology;Tropical Medicine
348448,Infectious Diseases
250198,Clinical Neurology;Neurosciences
98893,"Genetics & Heredity;Biotechnology & Applied Microbiology;Medicine, Research & Experimental"
98888,Endocrinology & Metabolism;Neurosciences
177009,"Genetics & Heredity;Biotechnology & Applied Microbiology;Medicine, Research & Experimental"
643122,"Genetics & Heredity;Biotechnology & Applied Microbiology;Medicine, Research & Experimental"
98889,Endocrinology & Metabolism;Neurosciences
98881,Pharmacology & Pharmacy
250196,"Genetics & Heredity;Biotechnology & Applied Microbiology;Medicine, Research & Experimental"
98887,Endocrinology & Metabolism;Neurosciences
640656,"Genetics & Heredity;Biotechnology & Applied Microbiology;Medicine, Research & Experimental"
98913,"Genetics & Heredity;Biotechnology & Applied Microbiology;Medicine, Research & Experimental"
98950,"Genetics & Heredity;Biotechnology & Applied Microbiology;Medicine, Research & Experimental"
95389,"Genetics & Heredity;Biotechnology & Applied Microbiology;Medicine, Research & Experimental"
177008,Rheumatology
182626,Endocrinology & Metabolism
98957,Rheumatology
98947,Immunology;Neurosciences
98951,"Genetics & Heredity;Biotechnology & Applied Microbiology;Medicine, Research & Experimental"
250195,"Genetics & Heredity;Biotechnology & Applied Microbiology;Medicine, Research & Experimental"
98955,Rheumatology
98973,Biochemistry & Molecular Biology
250194,Rheumatology
341045,Gastroenterology & Hepatology
854724,Obstetrics & Gynecology;Reproductive Biology
916135,Rheumatology
916124,Rheumatology
908320,Clinical Neurology;Neurosciences
953560,Biochemistry & Molecular Biology;Genetics & Heredity
916127,Rheumatology
933455,Immunology
187846,Rheumatology
187840,Rheumatology
187857,"Chemistry, Multidisciplinary"
187834,Rheumatology
190400,Clinical Neurology;Neurosciences
172695,Cell Biology;Immunology;Pathology
668576,Rheumatology
177053,"Chemistry, Multidisciplinary"
187851,"Chemistry, Multidisciplinary"
668575,Rheumatology
187839,Rheumatology
187836,"Chemistry, Multidisciplinary"
187842,"Chemistry, Multidisciplinary"
187844,Rheumatology
187841,"Chemistry, Multidisciplinary"
190401,Clinical Neurology;Neurosciences
187835,"Chemistry, Multidisciplinary"
668534,Rheumatology
39640,Dermatology
39644,Rheumatology
39645,Rheumatology
39636,"Chemistry, Medicinal;Pharmacology & Pharmacy;Plant Sciences;Integrative & Complementary Medicine"
237345,Clinical Neurology;Neurosciences
250203,Obstetrics & Gynecology;Reproductive Biology
250190,Rheumatology
747242,Rheumatology
747122,Rheumatology
39600,Rheumatology
696858,Neurosciences
696539,Neurosciences
696541,Neurosciences
39626,Rheumatology
770072,Rheumatology
39616,Rheumatology
39682,Rheumatology
39618,Biochemistry & Molecular Biology
638537,Clinical Neurology;Neurosciences
175159,Rheumatology
262968,Rheumatology
177045,Rheumatology
177035,Rheumatology
830253,Rheumatology
175033,Rheumatology
177044,Rheumatology
177040,"Chemistry, Multidisciplinary"
644025,Clinical Neurology;Neurosciences
250204,Clinical Neurology;Neurosciences
213395,Rheumatology
213396,Rheumatology
213393,Rheumatology
700723,Rheumatology
700745,Rheumatology
700737,Rheumatology
213388,Rheumatology
213394,Rheumatology
693624,Neurosciences
177050,"Chemistry, Multidisciplinary"
134520,Neurosciences
134518,Neurosciences
127677,Rheumatology
693689,Neurosciences
693629,Clinical Neurology;Neurosciences
689293,Rheumatology
155463,Rheumatology
177052,Clinical Neurology;Neurosciences
177051,"Genetics & Heredity;Biotechnology & Applied Microbiology;Medicine, Research & Experimental"
155465,Rheumatology
127682,Clinical Neurology;Neurosciences
557672,Clinical Neurology;Neurosciences
155486,Clinical Neurology;Neurosciences
381265,Rheumatology
995045,Rheumatology
999268,Rheumatology
995041,Rheumatology
995043,Rheumatology
995044,Rheumatology
1029820,Ophthalmology
1029819,Ophthalmology
801720,Pharmacology & Pharmacy
806749,"Genetics & Heredity;Biotechnology & Applied Microbiology;Medicine, Research & Experimental"
830158,Rheumatology
859140,Rheumatology
810773,Rheumatology
815816,Clinical Neurology;Neurosciences
797359,Obstetrics & Gynecology;Reproductive Biology
823677,Rheumatology
39747,Clinical Neurology;Neurosciences
39705,Rheumatology
177025,"Chemistry, Multidisciplinary"
39774,Rheumatology
39742,Cell Biology;Immunology;Pathology
39732,Neurosciences
39748,Clinical Neurology;Neurosciences
177033,"Chemistry, Multidisciplinary"
686155,Neurosciences
39734,Rheumatology
177031,"Chemistry, Multidisciplinary"
823680,Rheumatology
39713,Rheumatology
177032,"Chemistry, Multidisciplinary"
395039,Rheumatology
417112,Immunology
432732,Biochemistry & Molecular Biology;Biophysics
381267,Rheumatology
425534,Immunology;Allergy
381264,Rheumatology
353044,Immunology;Genetics & Heredity
353057,Rheumatology
39296,Endocrinology & Metabolism;Physiology
39391,Rheumatology
39338,Rheumatology
39371,"Genetics & Heredity;Biotechnology & Applied Microbiology;Medicine, Research & Experimental"
39393,Rheumatology
39312,Rheumatology
39357,Rheumatology
39352,Rheumatology
737533,Clinical Neurology;Neurosciences
725323,Rheumatology
36030,Clinical Neurology;Neurosciences
725448,Rheumatology
39341,Rheumatology
737518,Clinical Neurology;Neurosciences
39392,Rheumatology
39314,Rheumatology
729527,Rheumatology
39373,Rheumatology
39347,Rheumatology
766110,Neurosciences;Biochemistry & Molecular Biology
747195,Rheumatology
823678,Rheumatology
823679,Rheumatology
39544,Neurosciences;Biochemistry & Molecular Biology
39580,"Genetics & Heredity;Biotechnology & Applied Microbiology;Medicine, Research & Experimental"
39549,Rheumatology
716918,Endocrinology & Metabolism;Physiology
39286,Rheumatology
39292,Immunology;Neurosciences
39301,Rheumatology
35990,Immunology;Neurosciences
177014,Dermatology
39297,"Chemistry, Multidisciplinary"
39300,Rheumatology
39298,Endocrinology & Metabolism
39293,Neurosciences;Biochemistry & Molecular Biology
39294,Neurosciences;Biochemistry & Molecular Biology
177021,Endocrinology & Metabolism
39681,Neurosciences;Biochemistry & Molecular Biology
39650,Rheumatology
39299,Rheumatology
353040,Rheumatology
353092,Immunology;Genetics & Heredity
187837,Rheumatology
187848,Rheumatology
262097,Rheumatology
155470,Rheumatology
155469,Rheumatology
177037,"Chemistry, Medicinal;Pharmacology & Pharmacy;Plant Sciences;Integrative & Complementary Medicine"
177048,Rheumatology
538206,Ophthalmology
177036,Rheumatology
177043,Rheumatology
39727,Gastroenterology & Hepatology
177026,Rheumatology
177027,Rheumatology
187856,Rheumatology
187847,Rheumatology
668223,Rheumatology
177046,Rheumatology
250206,Rheumatology
177047,Rheumatology
747323,Dermatology
39403,Endocrinology & Metabolism
250192,Rheumatology
39404,Endocrinology & Metabolism
250200,Rheumatology
250199,Rheumatology
374482,Neurosciences
453726,Parasitología animal
454447,Parasitología
460546,Parasitología animal
393081,Immunology;Genetics & Heredity
393068,Immunology;Genetics & Heredity
461515,Invertebrados
461691,Invertebrados
461205,Farmacología
451261,Análisis cromatográfico;Plaguicidas
452488,Parasitología
464739,Parasitología animal
437482,Enfermedades infecciosas
393075,Immunology;Genetics & Heredity
461440,Farmacología
463620,Farmacología
534738,Rheumatology
548810,Rheumatology
451147,Parasitología animal
464360,Parasitología animal
807991,Infectious Diseases
450229,Parasitología animal
448739,Parasitología animal
450724,Parasitología
448741,Parasitología animal
451153,Invertebrados
454824,Parasitología
451557,Invertebrados
460323,Nemátodos
451688,Parasitología
450228,Parasitología animal
450728,Parasitología
450233,Parasitología animal
448727,Parasitología animal
466834,Parasitología animal
437292,Enfermedades infecciosas
452479,Parasitología
459905,Parasitología
451564,Protistas
456286,Parasitología animal
456216,Parasitología
460029,Parasitología animal
455764,Análisis cromatográfico;Plaguicidas
545958,Rheumatology
450755,Patología
455811,Parasitología
454815,Parasitología
452172,Parasitología
453750,Parasitología animal
451262,Análisis cromatográfico;Plaguicidas
455942,Parasitología animal
448751,Parasitología animal
450725,Parasitología
450549,Parasitología animal
540721,Microbiology;Pharmacology & Pharmacy
450231,Parasitología animal
448726,Parasitología animal
393078,Immunology;Genetics & Heredity
393071,Immunology;Genetics & Heredity
418677,Enfermedades infecciosas
606839,Cell Biology;Oncology;Biochemistry & Molecular Biology;Genetics & Heredity
448744,Parasitología animal
452171,Parasitología
451152,Invertebrados
451151,Invertebrados
439293,Enfermedades infecciosas
545518,Infectious Diseases
450757,Parasitología
450230,Parasitología animal
460447,Parasitología animal
460610,Parasitología animal
450563,Protistas
450227,Parasitología animal
448747,Parasitología animal
448743,Parasitología animal
454278,Parasitología
453164,Parasitología animal
460051,Nemátodos
450756,Patología
463851,Parasitología animal
453267,Protistas
532831,Multidisciplinary Sciences
454220,Parasitología
622266,Infectious Diseases
461001,Parasitología animal
450721,Parasitología
450232,Parasitología animal
450722,Parasitología
450727,Parasitología
450723,Parasitología
450234,Parasitología animal
450726,Parasitología
464616,Parasitología animal
448742,Parasitología animal
452480,Parasitología
452653,Parasitología
452489,Invertebrados
453939,Invertebrados
461162,Parasitología animal
453985,Invertebrados
451660,Análisis cromatográfico;Plaguicidas
463636,Parasitología animal
463529,Parasitología animal
454562,Nemátodos
454838,Nemátodos
454156,Parasitología
464147,Parasitología animal
453577,Parasitología
961003,"Chemistry, Medicinal;Chemistry, Organic"
986668,"Biochemistry & Molecular Biology;Chemistry, Multidisciplinary"
986667,Obstetrics & Gynecology;Reproductive Biology
369663,Rheumatology
1010557,Rheumatology
386107,Biochemistry & Molecular Biology
386119,Cell Biology;Oncology;Biochemistry & Molecular Biology;Genetics & Heredity
386124,Biochemistry & Molecular Biology
386114,Cell Biology;Biochemistry & Molecular Biology
386099,Cell Biology;Immunology;Pathology
330284,Biochemistry & Molecular Biology;Biophysics
386112,Biochemistry & Molecular Biology;Parasitology
386109,Biochemistry & Molecular Biology
386115,Cell Biology;Biochemistry & Molecular Biology;Biophysics
525113,Biology
98895,Biochemistry & Molecular Biology
481763,Rheumatology
500247,Multidisciplinary Sciences
386125,Cell Biology;Biochemistry & Molecular Biology;Biophysics
386095,Biochemistry & Molecular Biology;Parasitology
361220,Microbiology
353121,Immunology
361225,Microbiology;Biochemistry & Molecular Biology
520871,Biochemistry & Molecular Biology;Genetics & Heredity
490821,Immunology
98885,Neurosciences;Biochemistry & Molecular Biology
98927,"Chemistry, Medicinal"
98941,"Chemistry, Organic"
98900,Immunology
98929,Rheumatology
98876,"Genetics & Heredity;Biotechnology & Applied Microbiology;Medicine, Research & Experimental"
157110,Cell Biology
98940,"Biochemistry & Molecular Biology;Chemistry, Medicinal"
381268,Immunology;Microbiology;Infectious Diseases
344834,Rheumatology
337084,Rheumatology
374883,"Chemistry, Medicinal"
98982,"Immunology;Medicine, Research & Experimental"
267454,Hematology
955822,"Chemistry, Multidisciplinary"
326560,Multidisciplinary Sciences;Neurosciences;Biochemistry & Molecular Biology
326598,Immunology
326582,Cell Biology;Biochemistry & Molecular Biology
326604,"Immunology;Medicine, Research & Experimental"
326594,Hematology
326607,Hematology
326589,Microbiology;Pharmacology & Pharmacy
326552,Gastroenterology & Hepatology
326556,Immunology;Biochemistry & Molecular Biology
326614,Multidisciplinary Sciences;Neurosciences;Biochemistry & Molecular Biology
326610,"Immunology;Medicine, Research & Experimental"
326612,Gastroenterology & Hepatology
326623,Rheumatology
326621,Biochemistry & Molecular Biology;Biophysics
326578,Genetics & Heredity
326567,Endocrinology & Metabolism;Physiology
326620,Cell Biology;Biochemistry & Molecular Biology
326565,"Chemistry, Medicinal;Chemistry, Organic"
326596,Rheumatology
973090,"Medicine, General & Internal"
346156,Immunology
346105,Biochemistry & Molecular Biology
346131,Immunology
346126,Cell Biology;Biochemistry & Molecular Biology;Biophysics
346100,Rheumatology
346136,Neurosciences
346137,Biochemistry & Molecular Biology;Parasitology
346155,Immunology
346102,"Chemistry, Medicinal"
353079,Immunology;Genetics & Heredity
353063,Immunology;Neurosciences
353069,Cell Biology;Biochemistry & Molecular Biology;Biophysics
353107,Biochemistry & Molecular Biology
353128,Microbiology;Biochemistry & Molecular Biology
361263,Immunology
361271,Immunology
353097,Biochemistry & Molecular Biology;Parasitology
353093,Biochemistry & Molecular Biology
353085,Biochemistry & Molecular Biology;Biophysics
326629,Cell Biology;Biochemistry & Molecular Biology
326613,Immunology
326592,Immunology
326635,Immunology;Parasitology
326599,Biochemistry & Molecular Biology
326625,"Chemistry, Medicinal"
973080,Cell Biology;Immunology;Pathology
353120,Biochemistry & Molecular Biology;Genetics & Heredity
353101,Biochemistry & Molecular Biology
353124,Immunology;Transplantation;Surgery
398569,"Genetics & Heredity;Biotechnology & Applied Microbiology;Medicine, Research & Experimental"
353073,Biochemistry & Molecular Biology
353075,Cell Biology;Biochemistry & Molecular Biology;Biophysics
353133,Cell Biology;Biochemistry & Molecular Biology;Biology
973079,"Chemistry, Medicinal"
353067,Rheumatology
346133,Endocrinology & Metabolism
346093,"Chemistry, Medicinal"
346101,Biochemistry & Molecular Biology
346116,Parasitology
346111,Oncology
346151,Cell Biology;Biochemistry & Molecular Biology
962811,Biochemistry & Molecular Biology
346108,Immunology;Transplantation;Surgery
896256,Immunology
250207,Rheumatology
824458,Obstetrics & Gynecology;Reproductive Biology
854721,"Infectious Diseases;Chemistry, Medicinal"
301589,Rheumatology
818737,Neurosciences
896255,Pharmacology & Pharmacy
846170,Neurosciences
520571,"Biochemistry & Molecular Biology;Chemistry, Medicinal"
815510,Immunology
801719,"Chemistry, Medicinal"
801718,Infectious Diseases;Parasitology;Tropical Medicine
790745,Parasitology;Tropical Medicine
157117,Rheumatology
39400,Immunology
478420,Pharmacology & Pharmacy
39426,Rheumatology
157115,Rheumatology
499489,Genetics & Heredity
39401,Genetics & Heredity
39375,Rheumatology
39328,Endocrinology & Metabolism;Neurosciences
39339,Cardiac & Cardiovascular Systems;Peripheral Vascular Disease
39378,"Chemistry, Medicinal;Pharmacology & Pharmacy;Plant Sciences;Integrative & Complementary Medicine"
39356,"Chemistry, Medicinal"
39390,Genetics & Heredity
39327,Rheumatology
39376,Rheumatology
39388,Rheumatology
387076,"Chemistry, Medicinal;Chemistry, Organic"
387110,Parasitology
387082,"Chemistry, Medicinal"
387078,Immunology
387063,Biochemistry & Molecular Biology
387086,Immunology;Genetics & Heredity
387099,Biochemistry & Molecular Biology
387097,Microbiology;Pharmacology & Pharmacy
387105,Immunology
386113,Rheumatology
220628,Pharmacology & Pharmacy
393079,Protistas
341120,Rheumatology
326562,Rheumatology
326591,Rheumatology
326631,Rheumatology
346150,Rheumatology
346130,Rheumatology
267437,Rheumatology
267439,Rheumatology
267465,Rheumatology
341064,Rheumatology
341145,Rheumatology
278172,Rheumatology
326634,Infectious Diseases
98875,Oncology
98879,Rheumatology
98932,"Chemistry, Medicinal"
98919,Cell Biology;Biochemistry & Molecular Biology
98924,Gastroenterology & Hepatology
98962,Cell Biology;Biochemistry & Molecular Biology
98976,Genetics & Heredity
98978,Pathology
157087,Parasitology;Tropical Medicine
98959,Immunology
98946,Cell Biology;Biochemistry & Molecular Biology
98992,"Biochemistry & Molecular Biology;Chemistry, Medicinal;Chemistry, Organic"
98883,Biochemistry & Molecular Biology;Genetics & Heredity
98903,Immunology
98899,Gastroenterology & Hepatology
157093,Rheumatology
98882,Biochemistry & Molecular Biology;Genetics & Heredity
98921,Cell Biology;Immunology;Biochemistry & Molecular Biology
98907,Immunology;Genetics & Heredity
278153,Rheumatology
267500,Cell Biology;Immunology;Biochemistry & Molecular Biology
267481,Rheumatology
267441,Rheumatology
267446,Biochemistry & Molecular Biology
267445,Immunology;Microbiology;Infectious Diseases
267507,Immunology;Genetics & Heredity
278199,Immunology
98994,Biochemistry & Molecular Biology;Parasitology
98972,Oncology
98979,Rheumatology
267509,Microbiology;Biochemistry & Molecular Biology
326618,Infectious Diseases
346121,Immunology;Genetics & Heredity
346134,Microbiology
346096,Biochemistry & Molecular Biology;Parasitology
326605,Cell Biology;Biochemistry & Molecular Biology
326569,Biochemistry & Molecular Biology
346139,Biochemistry & Molecular Biology;Biophysics
346127,Microbiology
353095,Microbiology;Pharmacology & Pharmacy
353114,Biochemistry & Molecular Biology
98925,Biochemistry & Molecular Biology;Genetics & Heredity
98937,Multidisciplinary Sciences
157063,Pharmacology & Pharmacy
987983,Biochemistry & Molecular Biology;Genetics & Heredity
987981,Microbiology
326616,Rheumatology
346147,Oncology
98989,Multidisciplinary Sciences
346140,Biochemistry & Molecular Biology;Biophysics
353071,Biochemistry & Molecular Biology
98884,Immunology
353103,Cell Biology;Biochemistry & Molecular Biology;Biophysics
341057,Biochemistry & Molecular Biology;Biochemical Research Methods
353110,Parasitology
346154,Genetics & Heredity
944106,Cell Biology
990055,Multidisciplinary Sciences
973069,Cell Biology
346143,"Biochemistry & Molecular Biology;Chemistry, Medicinal;Chemistry, Organic"
330388,Cell Biology;Biochemistry & Molecular Biology;Biophysics
353132,Parasitology
353081,Cell Biology;Biochemistry & Molecular Biology;Biology
346099,Cell Biology;Oncology
950847,Biology
326597,Genetics & Heredity
267506,Multidisciplinary Sciences
957077,Biochemistry & Molecular Biology
854725,"Chemistry, Medicinal"
846173,Rheumatology
845196,"Chemistry, Medicinal;Pharmacology & Pharmacy"
819598,Microbiology
39756,Rheumatology
39764,Multidisciplinary Sciences
39783,Multidisciplinary Sciences
39752,Multidisciplinary Sciences
39779,Microbiology;Pharmacology & Pharmacy
39688,Genetics & Heredity
39673,"Chemistry, Medicinal;Pharmacology & Pharmacy"
421166,Biochemical Research Methods
157227,Multidisciplinary Sciences
532228,Parasitology;Tropical Medicine
39694,"Biochemistry & Molecular Biology;Chemistry, Multidisciplinary"
919001,Rheumatology
278141,Cell Biology
226648,"Biochemistry & Molecular Biology;Chemistry, Multidisciplinary"
311243,"Biochemistry & Molecular Biology;Chemistry, Inorganic & Nuclear"
278182,Cell Biology;Biochemistry & Molecular Biology
508458,Parasitology
511649,Parasitology
300890,Parasitology
319231,Obstetrics & Gynecology;Reproductive Biology
221558,"Chemistry, Medicinal"
226467,"Chemistry, Medicinal"
230959,Virology
232064,Multidisciplinary Sciences
221892,Immunology;Allergy
232066,"Chemistry, Medicinal"
39658,Microbiology;Pharmacology & Pharmacy
39656,Cell Biology;Immunology
39649,Immunology
39647,Multidisciplinary Sciences
39631,"Biochemistry & Molecular Biology;Chemistry, Inorganic & Nuclear"
39671,Genetics & Heredity;Biotechnology & Applied Microbiology
39612,Multidisciplinary Sciences
39659,Microbiology;Infectious Diseases;Pharmacology & Pharmacy
39666,Cell Biology;Oncology;Biochemistry & Molecular Biology;Genetics & Heredity
39603,Rheumatology
563662,Cell Biology
39676,"Chemistry, Medicinal;Pharmacology & Pharmacy"
39683,Biochemistry & Molecular Biology
39621,Rheumatology
416293,Infectious Diseases;Parasitology;Tropical Medicine
39633,Microbiology;Parasitology;Virology
39627,Virology
39634,"Chemistry, Medicinal;Pharmacology & Pharmacy;Plant Sciences"
39642,Biochemistry & Molecular Biology
39614,Biochemistry & Molecular Biology;Genetics & Heredity
39630,Multidisciplinary Sciences
39651,"Chemistry, Medicinal"
239726,Cell Biology
39653,Neurosciences
14953,"Chemistry, Medicinal"
39629,"Chemistry, Medicinal"
39632,Microbiology;Pharmacology & Pharmacy
302761,"Infectious Diseases;Chemistry, Medicinal"
39607,Immunology
230958,Microbiology
291335,"Medicine, General & Internal"
20793,Multidisciplinary Sciences
39609,Microbiology;Parasitology;Virology
39670,Cell Biology;Immunology
39663,Obstetrics & Gynecology;Reproductive Biology
39638,Biochemistry & Molecular Biology;Genetics & Heredity
39680,Rheumatology
39610,Rheumatology
39678,Parasitology;Tropical Medicine
39679,Multidisciplinary Sciences
39635,Multidisciplinary Sciences
39661,Neurosciences
39587,Clinical Neurology
39576,Immunology;Neurosciences;Psychiatry
39546,Biochemistry & Molecular Biology
39559,Rheumatology
39585,Rheumatology
39564,Biochemistry & Molecular Biology
39599,Rheumatology
39552,Cell Biology;Immunology;Pathology
39542,Genetics & Heredity
39543,Biochemistry & Molecular Biology;Genetics & Heredity
39574,Biochemistry & Molecular Biology
39573,Pharmacology & Pharmacy
39558,Genetics & Heredity
39598,Multidisciplinary Sciences
39547,Multidisciplinary Sciences
258919,"Chemistry, Organic"
39536,Microbiology;Biochemistry & Molecular Biology
39518,Genetics & Heredity
39561,Immunology
39516,Immunology;Microbiology;Infectious Diseases
39557,Cell Biology;Immunology;Pathology
39526,Parasitology
39567,Biochemistry & Molecular Biology
39577,Microbiology;Pharmacology & Pharmacy
39669,Rheumatology
39605,Multidisciplinary Sciences
39617,Biochemistry & Molecular Biology
39691,Immunology;Neurosciences;Psychiatry
39637,Multidisciplinary Sciences
39668,Cell Biology;Biochemistry & Molecular Biology
39571,Immunology
157192,Cell Biology;Immunology;Pathology
39569,Rheumatology
37568,Multidisciplinary Sciences
39532,Dermatology
39563,Cell Biology;Immunology;Biochemistry & Molecular Biology
39583,Genetics & Heredity
39533,Immunology
39593,Multidisciplinary Sciences
39517,Cell Biology;Biochemistry & Molecular Biology;Genetics & Heredity
39525,Rheumatology
39540,"Biochemistry & Molecular Biology;Chemistry, Medicinal;Chemistry, Organic"
39578,Multidisciplinary Sciences
39519,"Chemistry, Multidisciplinary"
39554,Infectious Diseases
457579,Immunology
457578,Immunology
457581,Oncology
270902,Rheumatology
501132,Zoology
474979,Zoology
476178,Parasitology
473379,Parasitology
474253,Parasitology;Veterinary Sciences
483998,Zoology
475431,Infectious Diseases;Parasitology;Tropical Medicine
236534,Microbiology
236539,Parasitology;Tropical Medicine
473242,Parasitology
473175,Microbiology
472908,Parasitology
476132,Parasitology;Veterinary Sciences
472625,Parasitology;Veterinary Sciences
877407,Microbiology
256746,Microbiology
846166,Parasitology
407314,Biochemistry & Molecular Biology
417114,Biochemistry & Molecular Biology;Parasitology
417118,Biochemistry & Molecular Biology
417119,Biochemistry & Molecular Biology
157208,Biochemistry & Molecular Biology
39589,Multidisciplinary Sciences
39522,Biochemistry & Molecular Biology;Parasitology
39594,Infectious Diseases;Parasitology;Tropical Medicine
39579,Gastroenterology & Hepatology
39601,Hematology
39615,Biochemistry & Molecular Biology
39654,Infectious Diseases;Parasitology;Tropical Medicine
39687,Rheumatology
39672,Genetics & Heredity
39560,Multidisciplinary Sciences
39572,Genetics & Heredity
39581,Genetics & Heredity
39529,Biochemistry & Molecular Biology
39530,Genetics & Heredity
39566,Immunology;Parasitology
157205,Biochemical Research Methods
39590,"Chemistry, Inorganic & Nuclear"
39592,Multidisciplinary Sciences
39528,Rheumatology
39527,Multidisciplinary Sciences
39531,Multidisciplinary Sciences
846172,Immunology
849655,Rheumatology
849656,"Chemistry, Medicinal"
854734,Infectious Diseases;Parasitology;Tropical Medicine
843266,Microbiology;Parasitology;Virology
807429,Immunology
810739,Immunology
933454,Obstetrics & Gynecology;Reproductive Biology
851785,"Chemistry, Multidisciplinary"
827403,Neurosciences;Pharmacology & Pharmacy
841070,Pharmacology & Pharmacy
223829,Rheumatology
831982,Microbiology
831981,Clinical Neurology;Neurosciences
908318,"Chemistry, Medicinal;Pharmacology & Pharmacy"
852416,Genetics & Heredity
908322,Multidisciplinary Sciences
852645,Multidisciplinary Sciences
852418,Rheumatology
823682,"Chemistry, Medicinal;Pharmacology & Pharmacy"
854722,Immunology;Microbiology
855560,Rheumatology
851786,Pharmacology & Pharmacy
830850,Virology
846174,"Biochemistry & Molecular Biology;Chemistry, Multidisciplinary"
859141,"Chemistry, Multidisciplinary"
704119,Multidisciplinary Sciences
590748,Clinical Neurology;Neurosciences
782296,Rheumatology
157204,Rheumatology
793619,Immunology;Microbiology
704120,Immunology
814590,"Biochemistry & Molecular Biology;Chemistry, Multidisciplinary"
157230,Rheumatology
157228,Rheumatology
812526,"Biochemistry & Molecular Biology;Chemistry, Multidisciplinary"
577031,Pharmacology & Pharmacy
802746,Multidisciplinary Sciences
533201,Rheumatology
496617,Biology
421171,Endocrinology & Metabolism
238220,Rheumatology
256748,"Chemistry, Medicinal"
231491,Plant Sciences
278149,"Biochemistry & Molecular Biology;Chemistry, Multidisciplinary"
239727,"Chemistry, Medicinal;Pharmacology & Pharmacy"
235386,"Chemistry, Multidisciplinary"
227920,Oncology
278139,"Medicine, General & Internal"
226466,Biochemistry & Molecular Biology
235583,"Biochemistry & Molecular Biology;Chemistry, Multidisciplinary"
238676,Immunology
215803,Parasitology;Tropical Medicine
217729,Microbiology;Pharmacology & Pharmacy
217730,Ophthalmology
223825,Immunology
217731,Parasitology
205015,Multidisciplinary Sciences
216681,Immunology
200746,Infectious Diseases;Parasitology;Tropical Medicine
222028,"Chemistry, Medicinal"
221121,Multidisciplinary Sciences
197683,Multidisciplinary Sciences
220323,Multidisciplinary Sciences
209417,Biochemistry & Molecular Biology;Genetics & Heredity
220032,Multidisciplinary Sciences
259838,Biochemistry & Molecular Biology;Genetics & Heredity
200749,Rheumatology
215802,"Chemistry, Medicinal"
212255,Genetics & Heredity
201509,Multidisciplinary Sciences
200748,"Chemistry, Multidisciplinary"
207645,Multidisciplinary Sciences
222895,Infectious Diseases;Parasitology;Tropical Medicine
216391,Microbiology
198830,Rheumatology
212254,Parasitology;Tropical Medicine
213864,Rheumatology
196700,"Chemistry, Medicinal"
196697,Rheumatology
213492,"Chemistry, Medicinal"
233530,Cell Biology;Biochemistry & Molecular Biology
206868,Microbiology
196701,Genetics & Heredity
215454,"Chemistry, Medicinal"
198733,Cell Biology
206929,Immunology
215133,Rheumatology
209418,Immunology
189106,Biochemistry & Molecular Biology;Biochemical Research Methods
233286,Genetics & Heredity
234697,Multidisciplinary Sciences
236535,"Chemistry, Multidisciplinary"
226651,Multidisciplinary Sciences
224452,Cell Biology;Biochemistry & Molecular Biology;Biophysics
265775,Rheumatology
236533,"Biochemistry & Molecular Biology;Chemistry, Inorganic & Nuclear"
235385,"Chemistry, Inorganic & Nuclear"
224454,Parasitology;Tropical Medicine
374878,Microbiology
230960,"Medicine, General & Internal"
236532,Multidisciplinary Sciences
233029,Biochemical Research Methods
234645,"Biochemistry & Molecular Biology;Chemistry, Inorganic & Nuclear"
258080,Multidisciplinary Sciences
294712,Cell Biology
278224,Genetics & Heredity
252752,"Biochemistry & Molecular Biology;Chemistry, Medicinal"
230795,Cell Biology
278185,Rheumatology
234519,Cell Biology;Biochemistry & Molecular Biology
207644,Biochemistry & Molecular Biology
215799,Multidisciplinary Sciences
223827,Parasitology
200747,Multidisciplinary Sciences
200462,Multidisciplinary Sciences
222029,Biochemistry & Molecular Biology;Genetics & Heredity
213392,Cell Biology
215801,"Biochemistry & Molecular Biology;Chemistry, Multidisciplinary"
211563,Rheumatology
197894,Rheumatology
203163,Clinical Neurology;Neurosciences
214380,Parasitology;Veterinary Sciences
172683,Cell Biology;Biochemistry & Molecular Biology
219027,Biochemistry & Molecular Biology
201770,Rheumatology
222027,Cell Biology;Biochemistry & Molecular Biology;Biology
221422,Microbiology;Pharmacology & Pharmacy
109687,Oncology
98960,Cell Biology
98964,Cell Biology
98965,Biochemistry & Molecular Biology
98977,Multidisciplinary Sciences
278239,Biochemistry & Molecular Biology
267449,Cell Biology
267467,Genetics & Heredity
267442,Cell Biology;Biochemistry & Molecular Biology
309314,Biochemistry & Molecular Biology
267977,Biochemistry & Molecular Biology
98904,Cell Biology
98970,Genetics & Heredity;Biotechnology & Applied Microbiology
865445,Microbiology
488770,Immunology;Allergy
521557,Biochemical Research Methods
157233,Rheumatology
353131,Rheumatology
326628,Cell Biology;Biochemistry & Molecular Biology
326572,Gastroenterology & Hepatology
326603,"Chemistry, Medicinal"
346145,Gastroenterology & Hepatology
348447,"Biochemistry & Molecular Biology;Chemistry, Medicinal;Chemistry, Organic"
346135,Immunology;Transplantation;Surgery
346115,"Chemistry, Medicinal"
346153,"Biochemistry & Molecular Biology;Chemistry, Medicinal;Chemistry, Organic"
346138,Immunology;Neurosciences
353089,Immunology;Genetics & Heredity
353134,Rheumatology
267452,"Immunology;Medicine, Research & Experimental"
267457,Rheumatology
326586,Immunology;Genetics & Heredity
326622,Immunology
326627,Immunology
373214,Rheumatology
326602,Multidisciplinary Sciences;Neurosciences;Biochemistry & Molecular Biology
98949,Microbiology;Pharmacology & Pharmacy
98958,Biochemistry & Molecular Biology;Biophysics
98954,Rheumatology
98995,Rheumatology
92106,Multidisciplinary Sciences
157066,Immunology;Neurosciences;Psychiatry
98987,Pharmacology & Pharmacy
98997,Cell Biology;Biochemistry & Molecular Biology
98944,Microbiology;Pharmacology & Pharmacy
98943,"Chemistry, Medicinal"
98985,Cell Biology;Immunology
98933,Biochemistry & Molecular Biology;Genetics & Heredity
157070,Genetics & Heredity
98991,Biochemistry & Molecular Biology;Biophysics
98966,Cell Biology;Immunology;Pathology
267489,Rheumatology
267482,"Chemistry, Medicinal;Pharmacology & Pharmacy;Plant Sciences;Integrative & Complementary Medicine"
267498,Biochemistry & Molecular Biology
267464,Microbiology;Pharmacology & Pharmacy
267512,Immunology;Genetics & Heredity
267510,Microbiology;Pharmacology & Pharmacy
267466,Biochemistry & Molecular Biology;Biophysics
278163,Immunology;Transplantation;Surgery
267476,Immunology
267468,Cell Biology;Immunology;Pathology
267455,Microbiology;Infectious Diseases;Pharmacology & Pharmacy
267487,Rheumatology
267495,Biochemistry & Molecular Biology;Genetics & Heredity
267459,Biochemistry & Molecular Biology
267486,"Chemistry, Medicinal"
267491,Cell Biology;Immunology;Pathology
278166,Gastroenterology & Hepatology
267479,Microbiology;Biochemistry & Molecular Biology
267488,Rheumatology
267503,Immunology
267443,Gastroenterology & Hepatology
157074,Oncology
267497,Rheumatology
267501,Rheumatology
98963,Neurosciences
98996,Immunology;Neurosciences;Psychiatry
98975,Immunology;Genetics & Heredity
98986,Immunology;Neurosciences
98878,"Medicine, General & Internal"
98968,Biochemistry & Molecular Biology;Parasitology
267492,"Medicine, General & Internal"
863487,Rheumatology
369669,Parasitology;Tropical Medicine
319234,Multidisciplinary Sciences
456469,Biochemistry & Molecular Biology;Genetics & Heredity
369664,Multidisciplinary Sciences
319230,Rheumatology
374879,Cell Biology;Oncology;Biochemistry & Molecular Biology;Genetics & Heredity
397068,"Biochemistry & Molecular Biology;Chemistry, Multidisciplinary"
416506,Biochemistry & Molecular Biology
869884,Genetics & Heredity
494430,Cell Biology;Oncology;Biochemistry & Molecular Biology;Genetics & Heredity
369656,Biochemistry & Molecular Biology
471435,Zoology
471640,Biochemistry & Molecular Biology
478418,Multidisciplinary Sciences
369672,Multidisciplinary Sciences
302759,Biochemistry & Molecular Biology
369668,Parasitology;Tropical Medicine
324127,"Chemistry, Multidisciplinary"
434191,Multidisciplinary Sciences
986561,Rheumatology
949534,Cell Biology;Biochemistry & Molecular Biology
938070,Microbiology
1031918,Microbiology
1030759,Multidisciplinary Sciences
1031107,Infectious Diseases;Parasitology;Tropical Medicine
1031108,"Chemistry, Medicinal"
987682,Rheumatology
1029822,Immunology;Genetics & Heredity
964103,Multidisciplinary Sciences
157236,Rheumatology
157231,Rheumatology
156051,Rheumatology
157234,Rheumatology
560593,Cell Biology
781797,Rheumatology
794730,"Biochemistry & Molecular Biology;Chemistry, Multidisciplinary"
630197,Rheumatology
589419,Biochemical Research Methods
749492,"Biochemistry & Molecular Biology;Chemistry, Multidisciplinary"
807319,Genetics & Heredity
781820,Rheumatology
801430,Immunology
403710,Rheumatology
403708,Oncology
386116,Hematology
386103,Biochemistry & Molecular Biology
386110,Cell Biology;Oncology;Biochemistry & Molecular Biology;Genetics & Heredity
337086,Biochemistry & Molecular Biology
374877,Multidisciplinary Sciences
431715,Immunology
302762,"Chemistry, Multidisciplinary"
381269,Endocrinology & Metabolism
425526,Oncology
456470,"Medicine, General & Internal"
399544,Biology
338231,Rheumatology
422525,Infectious Diseases;Parasitology;Tropical Medicine
319233,Multidisciplinary Sciences
386117,Immunology;Genetics & Heredity
386106,Biochemistry & Molecular Biology;Biophysics
386100,Cell Biology;Biochemistry & Molecular Biology;Biophysics
386104,Cell Biology;Immunology
386094,Cell Biology;Biochemistry & Molecular Biology
386120,Immunology;Genetics & Heredity
353050,Rheumatology
324126,"Chemistry, Multidisciplinary"
400091,Parasitology;Tropical Medicine
400088,Rheumatology
400080,Biochemistry & Molecular Biology;Biophysics
400074,Cell Biology
400073,Cell Biology;Immunology;Pathology
400092,Immunology
400093,Parasitology
860020,Biochemistry & Molecular Biology
966528,Biochemistry & Molecular Biology
400085,Immunology;Genetics & Heredity
400075,Parasitology
400077,Immunology
400087,Genetics & Heredity
39422,Biochemistry & Molecular Biology
77086,Multidisciplinary Sciences
39456,Multidisciplinary Sciences
39513,Virology
98863,Multidisciplinary Sciences
39511,Cell Biology;Biochemistry & Molecular Biology
39457,Immunology
39494,Rheumatology
98857,Biochemistry & Molecular Biology;Parasitology
39434,Multidisciplinary Sciences
234698,Pharmacology & Pharmacy
39510,Infectious Diseases;Parasitology;Tropical Medicine
98852,Immunology
39503,Genetics & Heredity
39491,Obstetrics & Gynecology;Reproductive Biology
39474,Parasitology;Tropical Medicine
39429,Cell Biology
39508,Rheumatology
39504,"Chemistry, Medicinal;Chemistry, Organic"
39449,Cardiac & Cardiovascular Systems;Peripheral Vascular Disease
387125,Biochemistry & Molecular Biology
387107,Biochemistry & Molecular Biology
387091,Microbiology;Pharmacology & Pharmacy
387088,Cell Biology;Immunology;Pathology
387080,Clinical Neurology;Neurosciences
387112,Cell Biology;Biochemistry & Molecular Biology
387084,Biochemistry & Molecular Biology
387074,"Chemistry, Medicinal"
387095,Cell Biology;Immunology;Pathology
387123,Cell Biology;Oncology;Biochemistry & Molecular Biology;Genetics & Heredity
387071,Biochemistry & Molecular Biology
387121,Immunology
37536,Cell Biology
39444,Immunology
36816,Rheumatology
250189,Parasitology;Tropical Medicine
98847,Genetics & Heredity
98854,Genetics & Heredity
39475,"Chemistry, Medicinal"
98859,Cell Biology;Immunology;Biochemistry & Molecular Biology
400076,Cell Biology;Biochemistry & Molecular Biology;Genetics & Heredity
236538,Multidisciplinary Sciences
387115,"Biochemistry & Molecular Biology;Chemistry, Inorganic & Nuclear"
387069,Immunology;Biochemistry & Molecular Biology
400082,Cell Biology;Immunology;Pathology
407313,Biochemistry & Molecular Biology;Biophysics
407311,Biochemistry & Molecular Biology
407290,Immunology
407302,"Chemistry, Medicinal;Chemistry, Organic"
400086,Cell Biology;Oncology;Biochemistry & Molecular Biology;Genetics & Heredity
407315,Biochemistry & Molecular Biology
407285,Biochemistry & Molecular Biology
407322,Cell Biology;Biochemistry & Molecular Biology
407321,"Chemistry, Medicinal"
407307,Immunology
407286,Immunology
407300,Cell Biology;Immunology;Pathology
412802,"Chemistry, Multidisciplinary"
98861,Multidisciplinary Sciences
98851,Infectious Diseases
39502,Multidisciplinary Sciences
407292,Biochemistry & Molecular Biology
407298,Microbiology
407308,Immunology;Parasitology
407332,Immunology
407316,Cell Biology;Immunology;Pathology
407323,Biochemistry & Molecular Biology;Biophysics
407326,Rheumatology
407289,Cell Biology;Immunology;Pathology
407304,Biochemistry & Molecular Biology;Parasitology
407318,Pharmacology & Pharmacy
407320,Cell Biology;Biochemistry & Molecular Biology
407293,Cell Biology;Biochemistry & Molecular Biology;Biology
407299,Genetics & Heredity
966526,Parasitology
407294,"Chemistry, Medicinal"
300649,Microbiology;Pharmacology & Pharmacy
890420,Biochemistry & Molecular Biology
407330,Biochemistry & Molecular Biology;Parasitology
407328,Biochemistry & Molecular Biology;Parasitology
407324,Pharmacology & Pharmacy
407310,Cell Biology;Immunology;Biochemistry & Molecular Biology
417106,Biochemistry & Molecular Biology
424207,Parasitology;Tropical Medicine
966527,Biochemistry & Molecular Biology;Parasitology
417967,Biochemistry & Molecular Biology;Parasitology
418582,Parasitology
417476,Cell Biology
418175,Cell Biology;Biochemistry & Molecular Biology;Biophysics
424206,"Chemistry, Inorganic & Nuclear"
418119,Cell Biology;Immunology;Pathology
417379,Parasitology
418251,Biochemistry & Molecular Biology
417980,Biochemistry & Molecular Biology
424205,Immunology
424349,Parasitology;Tropical Medicine
419288,Parasitology;Tropical Medicine
426132,Immunology
417905,Parasitology
425532,Biochemistry & Molecular Biology
425527,Hematology
433616,Biochemistry & Molecular Biology
428008,Multidisciplinary Sciences
444391,Biochemistry & Molecular Biology
417085,Biochemistry & Molecular Biology;Parasitology
428013,"Immunology;Medicine, Research & Experimental"
449450,Immunology;Genetics & Heredity
443174,Biochemistry & Molecular Biology;Biophysics
966523,Immunology;Transplantation;Surgery
442104,Biochemistry & Molecular Biology;Biophysics
442615,Oncology
443023,"Medicine, General & Internal"
443745,Parasitology
425536,Biochemistry & Molecular Biology
425537,Parasitology
425520,Immunology
425533,Immunology
417102,Cell Biology
428007,Immunology
425518,Biochemistry & Molecular Biology
425521,Cell Biology;Biochemistry & Molecular Biology
428003,Virology
425528,Biochemistry & Molecular Biology
425525,Cell Biology;Immunology
425535,Immunology;Biochemistry & Molecular Biology
417110,Cell Biology;Biochemistry & Molecular Biology;Biophysics
417087,Biochemistry & Molecular Biology;Parasitology
425691,Biochemistry & Molecular Biology
417097,Biochemistry & Molecular Biology
425680,Microbiology;Biochemistry & Molecular Biology
428009,Pharmacology & Pharmacy
444411,Microbiology;Biochemistry & Molecular Biology
428001,Biochemistry & Molecular Biology;Parasitology
428005,Biochemistry & Molecular Biology;Parasitology
428023,Biochemistry & Molecular Biology;Biophysics
428021,Cell Biology;Biochemistry & Molecular Biology;Biophysics
215132,Cell Biology;Biochemistry & Molecular Biology
39228,Biochemistry & Molecular Biology;Genetics & Heredity
39291,Immunology
39225,Biochemistry & Molecular Biology
39273,Rheumatology
39290,Immunology;Neurosciences
39244,Biochemistry & Molecular Biology
39260,Hematology
39263,Genetics & Heredity
39231,Biochemistry & Molecular Biology
39245,Immunology
39233,Rheumatology
157100,Immunology
488919,Microbiology
519724,Pharmacology & Pharmacy
39398,Microbiology;Infectious Diseases;Pharmacology & Pharmacy
520873,Genetics & Heredity
546095,Biochemistry & Molecular Biology;Biophysics
39399,Cell Biology;Biochemistry & Molecular Biology;Biology
39331,Immunology
39368,Microbiology;Pharmacology & Pharmacy
39253,"Genetics & Heredity;Biotechnology & Applied Microbiology;Medicine, Research & Experimental"
39249,Rheumatology
39216,Biochemistry & Molecular Biology
560930,Biochemistry & Molecular Biology
39232,Rheumatology
492052,Plant Sciences
39222,Rheumatology
39269,Genetics & Heredity
39261,Rheumatology
39223,Cell Biology;Biochemistry & Molecular Biology
39240,Immunology
157121,Cell Biology;Immunology;Pathology
39288,Genetics & Heredity
39350,Infectious Diseases
157075,Rheumatology
549516,Microbiology;Biochemistry & Molecular Biology
39380,Biochemistry & Molecular Biology
36044,Cell Biology;Biochemistry & Molecular Biology;Biophysics
39381,Multidisciplinary Sciences
157067,Rheumatology
549378,Rheumatology
146959,Genetics & Heredity
494814,"Medicine, General & Internal"
39274,Rheumatology
39219,Immunology
480174,Genetics & Heredity
39285,Biochemistry & Molecular Biology;Genetics & Heredity
39235,Rheumatology
39256,Infectious Diseases
39217,Immunology
39268,Gastroenterology & Hepatology
39266,Immunology;Parasitology
488083,Multidisciplinary Sciences
493370,"Biochemistry & Molecular Biology;Chemistry, Multidisciplinary"
39238,Rheumatology
39218,Oncology
39242,Rheumatology
39239,Multidisciplinary Sciences
39234,"Chemistry, Medicinal"
39220,Microbiology;Pharmacology & Pharmacy
14712,Cell Biology;Biochemistry & Molecular Biology
39230,Rheumatology
39259,Pharmacology & Pharmacy
39277,Biochemistry & Molecular Biology
157107,Immunology
39252,Immunology;Genetics & Heredity
489322,Microbiology
484817,Multidisciplinary Sciences
549393,Rheumatology
488920,"Chemistry, Medicinal;Pharmacology & Pharmacy;Plant Sciences"
548801,Immunology;Genetics & Heredity
490956,Immunology
157112,Rheumatology
157113,Rheumatology
39236,Cell Biology
39257,Microbiology
39226,Gastroenterology & Hepatology
456472,Cell Biology
39248,Biochemistry & Molecular Biology;Genetics & Heredity
39255,Rheumatology
39384,Rheumatology
39346,Rheumatology
39323,Rheumatology
39324,Cell Biology;Immunology;Pathology
39366,"Chemistry, Medicinal;Pharmacology & Pharmacy"
39358,"Chemistry, Medicinal;Pharmacology & Pharmacy"
39322,Biochemistry & Molecular Biology
39334,Rheumatology
39332,Immunology;Genetics & Heredity
39365,Oncology
39362,Immunology;Microbiology;Infectious Diseases
39241,Rheumatology
39279,Rheumatology
485481,"Biochemistry & Molecular Biology;Chemistry, Multidisciplinary"
39237,Rheumatology
470593,"Chemistry, Medicinal"
39318,Rheumatology
39386,"Chemistry, Medicinal"
549191,Immunology;Parasitology
488571,Multidisciplinary Sciences
39364,Multidisciplinary Sciences
39344,Rheumatology
39343,Multidisciplinary Sciences
39326,"Biochemistry & Molecular Biology;Chemistry, Multidisciplinary"
489324,"Biochemistry & Molecular Biology;Chemistry, Medicinal;Chemistry, Organic"
488916,Neurosciences
250191,Cell Biology
489691,Endocrinology & Metabolism;Neurosciences
39278,Immunology;Genetics & Heredity
39247,Oncology
480204,Genetics & Heredity;Biotechnology & Applied Microbiology
628783,"Infectious Diseases;Chemistry, Medicinal"
39524,Rheumatology
39538,Rheumatology
802687,Immunology;Neurosciences
789036,Microbiology;Pharmacology & Pharmacy
98909,Rheumatology
98926,Rheumatology
98923,Cell Biology;Biochemistry & Molecular Biology
98906,Rheumatology
650491,Infectious Diseases
488084,Multidisciplinary Sciences
98898,Cell Biology;Immunology;Pathology
157085,Biochemistry & Molecular Biology
157091,Rheumatology
98912,Rheumatology
98935,Parasitology
98877,"Genetics & Heredity;Biotechnology & Applied Microbiology;Medicine, Research & Experimental"
470968,Biochemistry & Molecular Biology
157095,Rheumatology
39254,Rheumatology
157083,Cell Biology;Oncology
489328,"Biochemistry & Molecular Biology;Chemistry, Multidisciplinary"
510608,Cell Biology
480743,Biochemistry & Molecular Biology
157089,Immunology;Genetics & Heredity
157084,Immunology;Genetics & Heredity
157065,Genetics & Heredity
98915,Microbiology;Pharmacology & Pharmacy
157102,Hematology
490822,"Biochemistry & Molecular Biology;Chemistry, Multidisciplinary"
486795,Biochemistry & Molecular Biology
98896,Biochemistry & Molecular Biology
39243,"Biochemistry & Molecular Biology;Chemistry, Medicinal;Chemistry, Organic"
482472,Cell Biology;Oncology;Biochemistry & Molecular Biology;Genetics & Heredity
15493,"Biochemistry & Molecular Biology;Chemistry, Multidisciplinary"
37436,Multidisciplinary Sciences
441263,"Chemistry, Medicinal"
353066,Biochemistry & Molecular Biology
353100,Rheumatology
353058,"Chemistry, Medicinal"
157120,Multidisciplinary Sciences
1017558,"Medicine, General & Internal"
98911,Immunology
98918,Cell Biology
98917,Biochemistry & Molecular Biology
98874,Infectious Diseases
353070,"Biochemistry & Molecular Biology;Chemistry, Medicinal;Chemistry, Organic"
485483,"Infectious Diseases;Chemistry, Medicinal"
353055,Biochemistry & Molecular Biology;Biophysics
353072,Immunology
353113,Biochemistry & Molecular Biology
487857,Rheumatology
486376,Rheumatology
481242,Rheumatology
353111,Biochemistry & Molecular Biology
353080,Immunology
361212,Biochemistry & Molecular Biology
353098,Biochemistry & Molecular Biology;Biophysics
353090,Biochemistry & Molecular Biology
353104,Biochemistry & Molecular Biology
353108,Biochemistry & Molecular Biology
353084,Cell Biology;Biochemistry & Molecular Biology
353082,Biochemistry & Molecular Biology
353076,Microbiology;Infectious Diseases;Pharmacology & Pharmacy
353115,Rheumatology
353106,"Chemistry, Medicinal;Pharmacology & Pharmacy;Plant Sciences"
353056,Biochemistry & Molecular Biology;Biophysics
353096,Immunology;Genetics & Heredity
353074,"Chemistry, Medicinal"
353102,Biochemistry & Molecular Biology;Biophysics
353060,Cell Biology;Biochemistry & Molecular Biology
353086,Microbiology;Pharmacology & Pharmacy
486178,Immunology;Microbiology
353048,Genetics & Heredity
361218,Gastroenterology & Hepatology
353052,Biochemistry & Molecular Biology;Parasitology
353042,Biochemistry & Molecular Biology;Parasitology
353094,Cell Biology;Biochemistry & Molecular Biology;Biology
353062,Immunology;Microbiology;Infectious Diseases
482474,Multidisciplinary Sciences
807376,Biochemistry & Molecular Biology
39395,Microbiology;Pharmacology & Pharmacy
39329,Immunology;Genetics & Heredity
39369,Gastroenterology & Hepatology
39317,Immunology
39325,Rheumatology
39319,Cell Biology;Immunology;Pathology
39333,Microbiology;Pharmacology & Pharmacy
548809,Genetics & Heredity
39349,Cell Biology;Immunology;Pathology
39385,Rheumatology
157072,"Chemistry, Medicinal"
39377,Multidisciplinary Sciences
39387,"Chemistry, Multidisciplinary"
39383,Cell Biology;Oncology;Biochemistry & Molecular Biology;Genetics & Heredity
39316,Cardiac & Cardiovascular Systems;Peripheral Vascular Disease
39361,Infectious Diseases;Parasitology;Tropical Medicine
489321,Multidisciplinary Sciences
39340,Genetics & Heredity
39355,Rheumatology
39360,"Biochemistry & Molecular Biology;Chemistry, Medicinal;Chemistry, Organic"
39397,"Immunology;Medicine, Research & Experimental"
39276,Multidisciplinary Sciences
39246,Rheumatology
98872,Rheumatology
157082,Rheumatology
157081,Rheumatology
519883,Genetics & Heredity
157099,Genetics & Heredity
98934,Cell Biology;Immunology
98886,Rheumatology
98871,Biochemistry & Molecular Biology
98908,Biochemistry & Molecular Biology;Genetics & Heredity
494816,Genetics & Heredity
361211,Biochemistry & Molecular Biology
157211,Biochemistry & Molecular Biology;Biophysics
172692,Rheumatology
189112,Immunology;Allergy
168745,Multidisciplinary Sciences
177056,Biochemistry & Molecular Biology;Genetics & Heredity
172688,Biochemistry & Molecular Biology
157210,Biochemical Research Methods
185765,Multidisciplinary Sciences
172690,Multidisciplinary Sciences
180092,"Chemistry, Medicinal;Pharmacology & Pharmacy;Plant Sciences"
196168,Genetics & Heredity
196169,Immunology;Neurosciences
196170,Multidisciplinary Sciences
178356,Genetics & Heredity
222026,Infectious Diseases;Parasitology;Tropical Medicine
220031,Multidisciplinary Sciences
134525,Multidisciplinary Sciences
127669,Parasitology;Tropical Medicine
127684,Pharmacology & Pharmacy
127483,Virology
127676,"Infectious Diseases;Chemistry, Medicinal"
134515,Parasitology;Tropical Medicine
134526,Multidisciplinary Sciences
134524,Biochemistry & Molecular Biology
117715,Biochemical Research Methods
134516,Infectious Diseases;Parasitology;Tropical Medicine
155485,Multidisciplinary Sciences
114789,Multidisciplinary Sciences
133513,Biochemistry & Molecular Biology;Biophysics
127671,Multidisciplinary Sciences
134529,Biochemistry & Molecular Biology;Genetics & Heredity
127666,Gastroenterology & Hepatology
127670,Immunology
114790,Genetics & Heredity
157219,"Chemistry, Multidisciplinary"
98825,Rheumatology
177039,"Medicine, General & Internal"
39792,Multidisciplinary Sciences
98494,Multidisciplinary Sciences
98830,Multidisciplinary Sciences
98831,Rheumatology
98836,Clinical Neurology;Neurosciences
39796,Biochemistry & Molecular Biology;Parasitology
98834,Microbiology;Infectious Diseases;Pharmacology & Pharmacy
39810,"Infectious Diseases;Chemistry, Medicinal"
157222,Genetics & Heredity
98837,Genetics & Heredity
39790,Multidisciplinary Sciences
39808,Infectious Diseases;Parasitology;Tropical Medicine
39803,Multidisciplinary Sciences
76915,Oncology
98833,Multidisciplinary Sciences
536524,Biochemistry & Molecular Biology
114786,Cell Biology
157239,Gastroenterology & Hepatology
39812,Genetics & Heredity;Biotechnology & Applied Microbiology
97887,"Biochemistry & Molecular Biology;Chemistry, Medicinal"
114788,Microbiology;Parasitology;Virology
39791,Multidisciplinary Sciences
39813,Microbiology;Pharmacology & Pharmacy
37351,Multidisciplinary Sciences
98827,"Chemistry, Medicinal"
114445,Cell Biology;Biochemistry & Molecular Biology
114784,Biochemistry & Molecular Biology;Genetics & Heredity
927199,"Chemistry, Multidisciplinary"
98828,Multidisciplinary Sciences
98829,Multidisciplinary Sciences
39698,Biochemistry & Molecular Biology
39702,Multidisciplinary Sciences
141505,Genetics & Heredity
39744,Biochemistry & Molecular Biology;Parasitology
39769,Cell Biology;Oncology
39785,"Chemistry, Medicinal"
39767,Parasitology
39735,Immunology
39723,Rheumatology
39701,Microbiology;Parasitology;Virology
39771,Multidisciplinary Sciences
39703,Rheumatology
39717,Genetics & Heredity
534506,Cell Biology;Oncology
39726,Biochemistry & Molecular Biology
39781,Rheumatology
39709,"Chemistry, Medicinal;Pharmacology & Pharmacy;Plant Sciences"
39770,Multidisciplinary Sciences
39697,Ophthalmology
39782,Microbiology
39731,Genetics & Heredity
39786,Immunology;Neurosciences
39720,Microbiology;Pharmacology & Pharmacy
39755,Cell Biology;Immunology
39738,Microbiology
39718,Genetics & Heredity
39733,Genetics & Heredity
187833,Biochemistry & Molecular Biology
39773,Immunology;Allergy
39699,Biochemistry & Molecular Biology;Genetics & Heredity
39746,Infectious Diseases;Parasitology;Tropical Medicine
39765,Infectious Diseases;Parasitology;Tropical Medicine
39739,Cell Biology;Immunology;Pathology
39715,Microbiology
39693,Multidisciplinary Sciences
39710,Infectious Diseases;Parasitology;Tropical Medicine
39740,"Biochemistry & Molecular Biology;Chemistry, Multidisciplinary"
39775,Microbiology;Pharmacology & Pharmacy
39714,Immunology;Genetics & Heredity
39778,Microbiology;Pharmacology & Pharmacy
39784,Rheumatology
39708,Biochemistry & Molecular Biology;Genetics & Heredity
7393,"Chemistry, Multidisciplinary"
39780,Rheumatology
39759,Pharmacology & Pharmacy
39749,Cell Biology;Biochemistry & Molecular Biology
39721,Clinical Neurology;Neurosciences
189111,Multidisciplinary Sciences
172680,Rheumatology
168743,Neurosciences
172686,Rheumatology
168748,"Chemistry, Medicinal"
189110,Biochemistry & Molecular Biology
185766,Immunology
177055,Immunology;Microbiology
196699,Neurosciences
172685,Multidisciplinary Sciences
157240,Cell Biology;Oncology
172694,Plant Sciences
172681,"Chemistry, Medicinal;Pharmacology & Pharmacy"
190864,Neurosciences
155471,Genetics & Heredity
182624,Virology
177054,Infectious Diseases;Parasitology;Tropical Medicine
172682,Immunology
172687,Biochemistry & Molecular Biology
172370,"Biochemistry & Molecular Biology;Chemistry, Multidisciplinary"
157241,Multidisciplinary Sciences
172696,Pharmacology & Pharmacy
155472,Cell Biology
187854,Genetics & Heredity
196171,Biochemistry & Molecular Biology;Genetics & Heredity
168746,Neurosciences
157212,Multidisciplinary Sciences
172689,"Chemistry, Medicinal;Chemistry, Organic"
133981,Multidisciplinary Sciences
155482,Microbiology;Pharmacology & Pharmacy
559433,Biochemistry & Molecular Biology;Parasitology
155473,Gastroenterology & Hepatology
134514,Microbiology
134527,"Chemistry, Medicinal;Chemistry, Organic"
127133,Multidisciplinary Sciences
127674,Multidisciplinary Sciences
127662,Dermatology
134528,Multidisciplinary Sciences
134521,"Biochemistry & Molecular Biology;Chemistry, Multidisciplinary"
127663,Cell Biology
155484,Cell Biology;Oncology;Biochemistry & Molecular Biology;Genetics & Heredity
134513,Multidisciplinary Sciences
122032,Multidisciplinary Sciences
114782,Microbiology;Biochemistry & Molecular Biology
39814,Microbiology;Pharmacology & Pharmacy
98843,Immunology
39787,Endocrinology & Metabolism
39815,Cardiac & Cardiovascular Systems;Peripheral Vascular Disease
114785,Genetics & Heredity
98822,Oncology
39793,Parasitology;Tropical Medicine
39807,Rheumatology
114792,"Chemistry, Medicinal"
157238,Biochemistry & Molecular Biology
98842,Cell Biology;Immunology;Pathology
127681,"Chemistry, Multidisciplinary"
114787,Biochemistry & Molecular Biology;Parasitology
39806,"Chemistry, Medicinal"
39804,Immunology;Genetics & Heredity
98839,Genetics & Heredity
98823,Pharmacology & Pharmacy
98844,Cell Biology
98824,Microbiology;Biochemistry & Molecular Biology
157215,Cell Biology;Oncology
98826,Immunology
399516,Immunology;Microbiology
172684,Cell Biology
187838,"Chemistry, Medicinal;Pharmacology & Pharmacy;Plant Sciences"
196698,Cell Biology;Oncology
172691,"Chemistry, Multidisciplinary"
1002716,Biochemistry & Molecular Biology;Genetics & Heredity
193581,Immunology;Microbiology
114794,"Chemistry, Organic"
39809,Immunology
157223,Neurosciences;Pharmacology & Pharmacy
98841,Biochemistry & Molecular Biology
192482,Biochemistry & Molecular Biology
39766,Biochemistry & Molecular Biology
39722,Rheumatology
7372,"Biochemistry & Molecular Biology;Chemistry, Medicinal"
39745,Multidisciplinary Sciences
39700,Rheumatology
202129,Rheumatology
387127,Rheumatology
39453,Cell Biology;Biochemistry & Molecular Biology;Genetics & Heredity
387119,Cell Biology;Biochemistry & Molecular Biology
387067,Immunology;Neurosciences
39438,Biochemistry & Molecular Biology;Biophysics
420538,Biochemistry & Molecular Biology
457583,"Immunology;Medicine, Research & Experimental"
428026,"Medicine, General & Internal"
428018,"Immunology;Medicine, Research & Experimental"
428006,Microbiology
428028,"Immunology;Medicine, Research & Experimental"
265776,Genetics & Heredity
465139,Biochemistry & Molecular Biology;Biophysics
39575,Clinical Neurology
21004,Genetics & Heredity
39505,Biochemistry & Molecular Biology
21061,Clinical Neurology;Neurosciences
39498,Obstetrics & Gynecology;Reproductive Biology
157126,Rheumatology
98849,Immunology;Genetics & Heredity
39455,Immunology
39468,Rheumatology
39539,Multidisciplinary Sciences
157080,Rheumatology
39454,Rheumatology
39411,Rheumatology
98850,Immunology;Genetics & Heredity
39447,Dermatology
39431,Rheumatology
422417,Plant Sciences
39562,Multidisciplinary Sciences
489695,Pharmacology & Pharmacy
39437,Microbiology
39463,Multidisciplinary Sciences
291337,Microbiology
533002,Microbiology;Pharmacology & Pharmacy
485484,Microbiology
235253,"Medicine, General & Internal"
933451,"Biochemistry & Molecular Biology;Chemistry, Multidisciplinary"
39462,Rheumatology
39487,Immunology;Genetics & Heredity
39471,Rheumatology
39465,Rheumatology
39446,Rheumatology
39436,Genetics & Heredity
39424,Cell Biology;Immunology;Pathology
39472,Rheumatology
39489,Neurosciences
39466,Biochemistry & Molecular Biology;Genetics & Heredity
39432,Clinical Neurology;Neurosciences
202132,Rheumatology
39492,Rheumatology
98864,Biochemistry & Molecular Biology;Genetics & Heredity
39459,Immunology;Genetics & Heredity
39461,Multidisciplinary Sciences
39435,Rheumatology
39441,Immunology;Biochemistry & Molecular Biology
39440,Cell Biology;Biochemistry & Molecular Biology;Genetics & Heredity
39495,Rheumatology
39443,Rheumatology
39515,Parasitology
98860,Oncology
824460,Microbiology;Infectious Diseases;Pharmacology & Pharmacy
944108,Rheumatology
849654,"Chemistry, Medicinal"
293502,Rheumatology
471056,Oncology
494817,Biology
957836,"Biochemistry & Molecular Biology;Chemistry, Multidisciplinary"
39497,Cell Biology;Immunology
39460,Gastroenterology & Hepatology
39451,Rheumatology
39445,Rheumatology
39416,Cell Biology;Immunology;Pathology
39439,Rheumatology
39430,Cell Biology;Biochemistry & Molecular Biology;Genetics & Heredity
39507,Parasitology
39499,Rheumatology
39421,Cell Biology;Biochemistry & Molecular Biology
39488,Rheumatology
39417,Multidisciplinary Sciences
39496,Multidisciplinary Sciences
39473,Microbiology;Pharmacology & Pharmacy
39418,Endocrinology & Metabolism
39493,Immunology;Genetics & Heredity
39415,Biochemistry & Molecular Biology;Genetics & Heredity
39450,Cell Biology;Biochemistry & Molecular Biology;Genetics & Heredity
39512,"Chemistry, Medicinal;Chemistry, Organic"
39414,"Chemistry, Medicinal;Pharmacology & Pharmacy;Plant Sciences"
39420,Immunology;Microbiology;Infectious Diseases
39469,Infectious Diseases
39425,Rheumatology
235622,Infectious Diseases;Parasitology;Tropical Medicine
236530,Rheumatology
302758,Rheumatology
236536,Clinical Neurology;Neurosciences
319236,"Chemistry, Medicinal;Pharmacology & Pharmacy"
337088,Rheumatology
376582,Parasitology;Tropical Medicine
236531,Rheumatology
321184,"Chemistry, Inorganic & Nuclear"
311242,Infectious Diseases;Parasitology;Tropical Medicine
319229,Genetics & Heredity
258918,Immunology;Allergy
373116,"Chemistry, Medicinal"
456770,"Biochemistry & Molecular Biology;Chemistry, Multidisciplinary"
375930,Pharmacology & Pharmacy
369667,Pharmacology & Pharmacy
379785,Biochemistry & Molecular Biology
934300,Immunology;Microbiology
319235,Pharmacology & Pharmacy
381739,Immunology;Microbiology
421026,Pharmacology & Pharmacy
228189,Multidisciplinary Sciences
39565,Multidisciplinary Sciences
418001,Immunology
342767,Hematology
33506,"Chemistry, Inorganic & Nuclear"
33443,"Chemistry, Inorganic & Nuclear"
67679,"Chemistry, Multidisciplinary"
